Username,Caption,Likes,Comments,Views,Date,URL
"pavi__shan","Fun at @vgpmarinekingdom @vgp_universal_kingdom ðŸ”¥
Vgp universal kingdom + Vgp Marine kingdom Now ->
1150/-ðŸ¥³

Book your tickets nowâ˜ºï¸

* Vgp universal kingdom Website:
vgpuniversalkingdom.in

Custom care number: 8939700588
> Vgp Marine kingdom Website:
www.vgpmarinekingdom.in

Customer care number: 8939932222
.
.
#vgpmarinekingdom #vgpuniversalkingdom #adventuregame #fun #friends #happy #Chennai #vgp #promotion #adventuregames #women #ootd #fashion",11739,28,251145,"1/3/2025","https://www.instagram.com/reel/DEXW1Aqyiqn/"